Month,Hours,EC2 Cost,EBS Cost,Network Cost,Additional Cost,Total Cost
2026-01,730,379.60,10.00,9.00,0.00,398.60
2026-02,730,379.60,10.00,9.00,0.00,398.60
2026-03,730,379.60,10.00,9.00,0.00,398.60
2026-04,730,379.60,10.00,9.00,0.00,398.60
2026-05,730,379.60,10.00,9.00,0.00,398.60
2026-06,730,379.60,10.00,9.00,0.00,398.60
2026-07,730,379.60,10.00,9.00,0.00,398.60
2026-08,730,379.60,10.00,9.00,0.00,398.60
2026-09,730,379.60,10.00,9.00,0.00,398.60
2026-10,730,379.60,10.00,9.00,0.00,398.60
2026-11,730,379.60,10.00,9.00,0.00,398.60
2026-12,730,379.60,10.00,9.00,0.00,398.60

ANNUAL TOTAL,,4555.20,120.00,108.00,0.00,4783.20
MONTHLY AVERAGE,,,,,,398.60
